{
    "accuracy": 0.72,
    "precision": 0.7058823529411765,
    "recall": 0.7346938775510204,
    "auc": 0.7571028411364545
}